0x37e6eb8ee9e872634d9649f50af0579abedd055c46fb975f39cb1fe2db5b3535,ERC-20,Execute,17985538,2023-08-24 15:44:47,7 hrs 4 mins ago,1692891887,0x905615...BDA42367,,0x06Bf00...EecDB5d8,"660,747.374055",$0.00,StochasticAI (STOCH),0.0050652,26.84919627
0x37e6eb8ee9e872634d9649f50af0579abedd055c46fb975f39cb1fe2db5b3535,ERC-20,Execute,17985538,2023-08-24 15:44:47,7 hrs 4 mins ago,1692891887,0x905615...BDA42367,,Uniswap V2: STOCH,"12,554,200.107055",$0.00,StochasticAI (STOCH),0.0050652,26.84919627
0x4cacff8433c686b1e0b28c81c2b0ebb052af006fb47eda1f3429a15045b17230,ERC-20,Execute,17980887,2023-08-24 0:07:35,22 hrs 42 mins ago,1692835655,Uniswap V2: STOCH,,0x905615...BDA42367,"13,214,947.481111",$0.00,StochasticAI (STOCH),0.00330829,20.72077222
0x40b719be7722ffa28aec5966b2362decec5a4f699ebff59e29dcecdf0055b40f,ERC-20,Execute,17980615,2023-08-23 23:13:11,23 hrs 36 mins ago,1692832391,Uniswap V3: USDT 3,,0x905615...BDA42367,"8,383.251151","$8,377.30",Tether USD (USDT),0.00334185,22.21815953
0x4e8005da82c1922ff9ec3f01a4ef28728cdc2a4c897e710453f9ba5e9fccc828,ERC-20,Execute,17980493,2023-08-23 22:48:23,1 day 1 min ago,1692830903,Uniswap V2: $FXRP,,0x905615...BDA42367,"517,964.650651",$0.00,Fuck HarryPo... ($FXRP),0.00704685,21.41986089
0xbd8ee81c0cfb1ad4ee2e0d0eb5b5be30f3f9b517b72c8240e1f90886eca0316d,ERC-20,Execute,17979690,2023-08-23 20:07:11,1 day 2 hrs ago,1692821231,0x905615...BDA42367,,Uniswap V2: SONICBOT 2,"95,392.059567",$0.00,SonicBOT (SONICB...),0.01264272,43.89927525
0x2815a776e2b5dab90a1a9c97f3aaf0c3133b016766b3e4c69270d1fef81a82af,ERC-20,Execute,17979619,2023-08-23 19:52:59,1 day 2 hrs ago,1692820379,0x905615...BDA42367,,Bitrock: BITROCK Token,621.479046,$67.55,Bitrock (BITROC...),0.00591091,29.45779178
0x2815a776e2b5dab90a1a9c97f3aaf0c3133b016766b3e4c69270d1fef81a82af,ERC-20,Execute,17979619,2023-08-23 19:52:59,1 day 2 hrs ago,1692820379,0x905615...BDA42367,,Uniswap V2: BITROCK,"14,915.497105","$1,621.25",Bitrock (BITROC...),0.00591091,29.45779178
0x2815a776e2b5dab90a1a9c97f3aaf0c3133b016766b3e4c69270d1fef81a82af,ERC-20,Execute,17979619,2023-08-23 19:52:59,1 day 2 hrs ago,1692820379,Uniswap V2: USDT,,0x905615...BDA42367,"1,920.313361","$1,918.95",Tether USD (USDT),0.00591091,29.45779178
0x3d9d7f677c45ef435bedb9f7cef9b2dab29b072de9fb956aa006d2e53eef9493,ERC-20,Execute,17979605,2023-08-23 19:50:11,1 day 2 hrs ago,1692820211,0x905615...BDA42367,,0x0E61E0...6c9860b5,"772,618.35603",$0.00,EasoBot (EASO),0.00535309,34.61042299
0x3d9d7f677c45ef435bedb9f7cef9b2dab29b072de9fb956aa006d2e53eef9493,ERC-20,Execute,17979605,2023-08-23 19:50:11,1 day 2 hrs ago,1692820211,0x905615...BDA42367,,Uniswap V2: EASO 5,"14,679,748.764584",$0.00,EasoBot (EASO),0.00535309,34.61042299
0x47c6f263f3de92d2c0d624f3ed373a793c1c9edba83a6a3ef99f7103bd2e6d3e,ERC-20,Execute,17979592,2023-08-23 19:47:35,1 day 3 hrs ago,1692820055,0x905615...BDA42367,,0x0E61E0...6c9860b5,"350,000",$0.00,EasoBot (EASO),0.00584131,36.63298485
0x47c6f263f3de92d2c0d624f3ed373a793c1c9edba83a6a3ef99f7103bd2e6d3e,ERC-20,Execute,17979592,2023-08-23 19:47:35,1 day 3 hrs ago,1692820055,0x905615...BDA42367,,Uniswap V2: EASO 5,"6,650,000",$0.00,EasoBot (EASO),0.00584131,36.63298485
0x5996a41fb8afc877930ba7b05690048a07c8c9c94dfb307e4ef64387124299ad,ERC-20,Execute,17979575,2023-08-23 19:44:11,1 day 3 hrs ago,1692819851,0x905615...BDA42367,,0x0E61E0...6c9860b5,"400,000",$0.00,EasoBot (EASO),0.0072419,37.43708137
0x5996a41fb8afc877930ba7b05690048a07c8c9c94dfb307e4ef64387124299ad,ERC-20,Execute,17979575,2023-08-23 19:44:11,1 day 3 hrs ago,1692819851,0x905615...BDA42367,,Uniswap V2: EASO 5,"7,600,000",$0.00,EasoBot (EASO),0.0072419,37.43708137
0xcc757c22d667b50453d4aaedbcd40d62620fa970cff8b4ce476f0aa78d1cc90d,ERC-20,Execute,17979319,2023-08-23 18:52:23,1 day 3 hrs ago,1692816743,0x905615...BDA42367,,Uniswap V2: SONICBOT 2,"95,000",$0.00,SonicBOT (SONICB...),0.00490757,26.25131092
0x6883a41f0b65393f4100582859ba3e204e96e96c21b1d24b428a5c8835da76ba,ERC-20,Execute,17979183,2023-08-23 18:25:11,1 day 4 hrs ago,1692815111,Uniswap V2: EASO 5,,0x905615...BDA42367,"9,617,303.703447",$0.00,EasoBot (EASO),0.00511631,35.88554917
0x88f21d07928bb90974e14edf21955ec34a6e7d0cdf11be29e9277a3af04684e6,ERC-20,Execute,17979179,2023-08-23 18:24:23,1 day 4 hrs ago,1692815063,Uniswap V2: EASO 5,,0x905615...BDA42367,"10,885,175.791571",$0.00,EasoBot (EASO),0.00544616,38.2586939
0x1621b107db169d3aa1cb042cc26a04719d00b09761a1c89345354648d796b884,ERC-20,Execute,17978460,2023-08-23 15:59:47,1 day 6 hrs ago,1692806387,0x905615...BDA42367,,Uniswap V2: SONICBOT 2,"95,000",$0.00,SonicBOT (SONICB...),0.00547323,24.77193474
0xd200d2b13b0ed5e2d84f503fe33d51ffb33bb8363a1ddd11f86fedbde0a9c3a5,ERC-20,Execute,17978300,2023-08-23 15:27:47,1 day 7 hrs ago,1692804467,Uniswap V3: USDT 3,,0x905615...BDA42367,"14,893.461041","$14,882.89",Tether USD (USDT),0.00324243,25.49488684
0xe69de409539d1e44cda457c8ee179ccdd7d9abaa04cf766592713fb627c56063,ERC-20,Execute,17978160,2023-08-23 14:59:35,1 day 7 hrs ago,1692802775,0x905615...BDA42367,,Bitrock: BITROCK Token,600,$65.22,Bitrock (BITROC...),0.00458233,28.95797221
0xe69de409539d1e44cda457c8ee179ccdd7d9abaa04cf766592713fb627c56063,ERC-20,Execute,17978160,2023-08-23 14:59:35,1 day 7 hrs ago,1692802775,0x905615...BDA42367,,Uniswap V2: BITROCK,"14,400","$1,565.22",Bitrock (BITROC...),0.00458233,28.95797221
0xfac47279a8cd53e1fc093727937ba641e2b875d48c95376abe9cf6d58a9275ce,ERC-20,Execute,17977853,2023-08-23 13:57:59,1 day 8 hrs ago,1692799079,0x905615...BDA42367,,Bitrock: BITROCK Token,800,$86.96,Bitrock (BITROC...),0.00510325,24.38200359
0xfac47279a8cd53e1fc093727937ba641e2b875d48c95376abe9cf6d58a9275ce,ERC-20,Execute,17977853,2023-08-23 13:57:59,1 day 8 hrs ago,1692799079,0x905615...BDA42367,,Uniswap V2: BITROCK,"19,200","$2,086.95",Bitrock (BITROC...),0.00510325,24.38200359
0xfac47279a8cd53e1fc093727937ba641e2b875d48c95376abe9cf6d58a9275ce,ERC-20,Execute,17977853,2023-08-23 13:57:59,1 day 8 hrs ago,1692799079,Uniswap V2: USDT,,0x905615...BDA42367,"3,279.669639","$3,277.34",Tether USD (USDT),0.00510325,24.38200359
